{"percentages": [0.0, 0.1, 0.2, 0.3, 0.4, 0.5, 0.6, 0.7, 0.8, 0.9, 0.99], "base_methods": ["ig"], "modifiers": ["base"], "dataset": "cifar10", "imputations": ["ns"], "orders": ["lerf"], "ns": {"ig": {"base": {"lerf": {"0.0": [0.6499999761581421], "0.1": [0.8500000238418579], "0.2": [0.8999999761581421], "0.3": [0.949999988079071], "0.4": [0.8999999761581421], "0.5": [0.8500000238418579], "0.6": [0.75], "0.7": [0.8500000238418579], "0.8": [0.6499999761581421], "0.9": [0.25], "0.99": [0.0]}}}}}